"month_number","units_sold","revenue"
"1","498316","1.2201273860000004E8"
"2","507673","1.2562738364999996E8"
"3","506739","1.2452214685000004E8"
"4","503823","1.2663142727999993E8"
"5","487194","1.2191531669000013E8"
"6","491653","1.1962224986000003E8"
"7","507011","1.2439792174999987E8"
"8","504569","1.2308257909000002E8"
"9","491934","1.2149922431999989E8"
"10","514798","1.2910059325999987E8"
"11","505838","1.2561715100000009E8"
"12","500386","1.2470186167000014E8"
