"category","revenue"
"Books","2.3678280559999996E8"
"Sports","2.3264883187999967E8"
"Toys","2.3023718322999957E8"
"Health","2.2173685213000023E8"
"Electronics","2.0170109507000014E8"
"Clothing","1.8725832085E8"
"Home & Kitchen","1.7836550526000014E8"
