"month_number","revenue","growth_percentage"
"1","1.2201273860000004E8",
"2","1.2562738364999996E8","2.96"
"3","1.2452214685000004E8","-0.88"
"4","1.2663142727999993E8","1.69"
"5","1.2191531669000013E8","-3.72"
"6","1.1962224986000003E8","-1.88"
"7","1.2439792174999987E8","3.99"
"8","1.2308257909000002E8","-1.06"
"9","1.2149922431999989E8","-1.29"
"10","1.2910059325999987E8","6.26"
"11","1.2561715100000009E8","-2.7"
"12","1.2470186167000014E8","-0.73"
